{
  "model": "cmlp",
  "seed": 42,
  "n_samples": 1000000,
  "epochs": 15,
  "params": 3402,
  "flops_m_per_sample": 0.00645,
  "latency_ms_per_sample_cpu": 0.1870035007596016,
  "train_time_s": 150.36264682095498,
  "accuracy": 0.999505,
  "f1_macro": 0.9714437733543693,
  "f1_binary": 0.9997514180470498,
  "precision": 0.9998041372244738,
  "recall": 0.9996987044290448
}