{
  "model": "cmlp",
  "seed": 7,
  "n_samples": 1000000,
  "epochs": 15,
  "params": 3402,
  "flops_m_per_sample": 0.00645,
  "latency_ms_per_sample_cpu": 0.18339246045798063,
  "train_time_s": 149.44449208164588,
  "accuracy": 0.999595,
  "f1_macro": 0.9766090612000653,
  "f1_binary": 0.9997966157871345,
  "precision": 0.9998543584489678,
  "recall": 0.9997388797943176
}