{
  "model": "cnn1d",
  "seed": 42,
  "n_samples": 1000000,
  "epochs": 15,
  "params": 3742,
  "flops_m_per_sample": 0.118602,
  "latency_ms_per_sample_cpu": 0.24135613348335028,
  "train_time_s": 117.26741743506864,
  "accuracy": 0.99956,
  "f1_macro": 0.9744559961718827,
  "f1_binary": 0.9997790443668868,
  "precision": 0.9998041480439913,
  "recall": 0.9997539419503867
}