{
  "model": "fkan",
  "seed": 42,
  "n_samples": 1000000,
  "epochs": 15,
  "params": 3280,
  "flops_m_per_sample": 0.0,
  "latency_ms_per_sample_cpu": 0.24315031245350838,
  "train_time_s": 133.5110334251076,
  "accuracy": 0.99963,
  "f1_macro": 0.9788364771003017,
  "f1_binary": 0.9998141842689406,
  "precision": 0.9999045724847316,
  "recall": 0.9997238123932911
}