{
  "model": "fkan",
  "seed": 1337,
  "n_samples": 1000000,
  "epochs": 15,
  "params": 3280,
  "flops_m_per_sample": 0.0,
  "latency_ms_per_sample_cpu": 0.22722787223756313,
  "train_time_s": 132.87456298898906,
  "accuracy": 0.999385,
  "f1_macro": 0.9658488682562745,
  "f1_binary": 0.999691103013378,
  "precision": 0.9999145947520988,
  "recall": 0.9994677111579793
}