{
  "model": "kan",
  "seed": 1337,
  "n_samples": 1000000,
  "epochs": 15,
  "params": 3321,
  "flops_m_per_sample": 0.0,
  "latency_ms_per_sample_cpu": 0.4733435669913888,
  "train_time_s": 151.18405862199143,
  "accuracy": 0.99961,
  "f1_macro": 0.977793224582996,
  "f1_binary": 0.999804136240822,
  "precision": 0.999914614055531,
  "recall": 0.9996936828361956
}