{
  "model": "kan",
  "seed": 7,
  "n_samples": 1000000,
  "epochs": 15,
  "params": 3321,
  "flops_m_per_sample": 0.0,
  "latency_ms_per_sample_cpu": 0.4803602769970894,
  "train_time_s": 147.59726072615013,
  "accuracy": 0.999665,
  "f1_macro": 0.9807181753033714,
  "f1_binary": 0.999831766079522,
  "precision": 0.9999045767980995,
  "recall": 0.9997589659639855
}