{
  "model": "kan",
  "seed": 42,
  "n_samples": 1000000,
  "epochs": 15,
  "params": 3321,
  "flops_m_per_sample": 0.0,
  "latency_ms_per_sample_cpu": 0.8294643368571997,
  "train_time_s": 154.36727932002395,
  "accuracy": 0.99966,
  "f1_macro": 0.980463826004307,
  "f1_binary": 0.9998292538392777,
  "precision": 0.9998995540198481,
  "recall": 0.9997589635432359
}