{
  "model": "kan",
  "seed": 2024,
  "n_samples": 1000000,
  "epochs": 15,
  "params": 3321,
  "flops_m_per_sample": 0.0,
  "latency_ms_per_sample_cpu": 0.4895098740234971,
  "train_time_s": 153.86553040100262,
  "accuracy": 0.9997,
  "f1_macro": 0.9827425406055508,
  "f1_binary": 0.9998493423794864,
  "precision": 0.9999146217744609,
  "recall": 0.9997840715074822
}