{
  "model": "kan",
  "seed": 31415,
  "n_samples": 1000000,
  "epochs": 15,
  "params": 3321,
  "flops_m_per_sample": 0.0,
  "latency_ms_per_sample_cpu": 0.6565732415765524,
  "train_time_s": 148.79056493425742,
  "accuracy": 0.999645,
  "f1_macro": 0.9795436785615466,
  "f1_binary": 0.9998217231586639,
  "precision": 0.9998995545243153,
  "recall": 0.9997439039087294
}