{
  "model": "mlp",
  "seed": 42,
  "n_samples": 1000000,
  "epochs": 15,
  "params": 3327,
  "flops_m_per_sample": 0.00325,
  "latency_ms_per_sample_cpu": 0.0369375990703702,
  "train_time_s": 115.19851041864604,
  "accuracy": 0.999655,
  "f1_macro": 0.9802776267321083,
  "f1_binary": 0.9998267389508416,
  "precision": 0.9999196395835321,
  "recall": 0.9997338555789896
}